{
    "type": "minecraft:generic",
    "pools": [
        {
            "entries": [
                {
                    "conditions": [
                        
                    ],
                    "type": "minecraft:item",
                    "name": "minecraft:snowball",
                    "functions": [
                        {
                            "function": "minecraft:set_components",
                            "components": {
                                "minecraft:custom_name": "\"§a座椅球§r\"",
                                "minecraft:lore": [
                                    "\"§f对着台阶/楼梯等支持的方块右键投掷使用\"",
                                    "\"§f出现音效且座位判定箱可显示,则表示通过\"",
                                    "\"§7支持的方块类型：\"",
                                    "\" §7台阶 楼梯 地毯 堆肥桶? 炼药锅?\"",
                                    "\" §7酿造台? 切石机?§r\""
                                ],
                                "minecraft:custom_data": "{Tags:[\"ride_permit\"]}"
                            }
                        }
                    ]
                }
            ],
            "rolls": 1
        }
    ]
}