{
    "type": "crafting_shaped",
    "key": {
        "1":{
            "item": "chain_command_block"
        }
    },
    "pattern": [
        "   ",
        " 1 ",
        "   "
    ],
    "result": {
        "id": "minecraft:snowball",
        "count": 1,
        "components": {
            "minecraft:custom_name": "\"§a座椅球§r\"",
            "minecraft:lore":[
                "\"§f对着台阶/楼梯等支持的方块右键投掷使用\"",
                "\"§f出现音效且座位判定箱可显示,则表示通过\"",
                "\"§7支持的方块类型：\"",
                "\" §7台阶 楼梯 地毯 堆肥桶? 炼药锅?\"",
                "\" §7酿造台? 切石机?§r\""
            ],
            "minecraft:custom_data": "{Tags:[\"ride_permit\"]}"
        }
    },
    "category": "misc"
}
